County,Population,Population MOE,Uninsured,Uninsured MOE,Uninsured Pct,Uninsured Pct MOE,Population - Under 18 years,Population - Under 18 years MOE,Population - Under 18 years - Uninsured,Population - Under 18 years - Uninsured MOE,Population - Under 18 years - Uninsured Pct,Population - Under 18 years - Uninsured Pct MOE,Population - 18 to 64 years,Population - 18 to 64 years MOE,Population - 18 to 64 years - Uninsured,Population - 18 to 64 years - Uninsured MOE,Population - 18 to 64 years - Uninsured Pct,Population - 18 to 64 years - Uninsured Pct MOE,Population - 65 years and older,Population - 65 years and older MOE,Population - 65 years and older - Uninsured,Population - 65 years and older - Uninsured MOE,Population - 65 years and older - Uninsured Pct,Population - 65 years and older - Uninsured Pct MOE,Population - 19 to 25 years,Population - 19 to 25 years MOE,Population - 19 to 25 years - Uninsured,Population - 19 to 25 years - Uninsured MOE,Population - 19 to 25 years - Uninsured Pct,Population - 19 to 25 years - Uninsured Pct MOE,Male,Male MOE,Male - Uninsured,Male - Uninsured MOE,Male - Uninsured Pct,Male - Uninsured Pct MOE,Female,Female MOE,Female - Uninsured,Female - Uninsured MOE,Female - Uninsured Pct,Female - Uninsured Pct MOE,Race - One Race,Race - One Race MOE,Race - One Race - Uninsured,Race - One Race - Uninsured MOE,Race - One Race - Uninsured Pct,Race - One Race - Uninsured Pct MOE,Race - One Race - White,Race - One Race - White MOE,Race - One Race - White - Uninsured,Race - One Race - White - Uninsured MOE,Race - One Race - White - Uninsured Pct,Race - One Race - White - Uninsured Pct MOE,Race - One Race - Black or African American,Race - One Race - Black or African American MOE,Race - One Race - Black or African American - Uninsured,Race - One Race - Black or African American - Uninsured MOE,Race - One Race - Black or African American - Uninsured Pct,Race - One Race - Black or African American - Uninsured Pct MOE,Race - One Race - American Indian and Alaska Native,Race - One Race - American Indian and Alaska Native MOE,Race - One Race - American Indian and Alaska Native - Uninsured,Race - One Race - American Indian and Alaska Native - Uninsured MOE,Race - One Race - American Indian and Alaska Native - Uninsured Pct,Race - One Race - American Indian and Alaska Native - Uninsured Pct MOE,Race - One Race - Asian,Race - One Race - Asian MOE,Race - One Race - Asian - Uninsured,Race - One Race - Asian - Uninsured MOE,Race - One Race - Asian - Uninsured Pct,Race - One Race - Asian - Uninsured Pct MOE,Race - One Race - Native Hawaiian and Other Pacific Islander,Race - One Race - Native Hawaiian and Other Pacific Islander MOE,Race - One Race - Native Hawaiian and Other Pacific Islander - Uninsured,Race - One Race - Native Hawaiian and Other Pacific Islander - Uninsured MOE,Race - One Race - Native Hawaiian and Other Pacific Islander - Uninsured Pct,Race - One Race - Native Hawaiian and Other Pacific Islander - Uninsured Pct MOE,Race - One Race - Some other race,Race - One Race - Some other race MOE,Race - One Race - Some other race - Uninsured,Race - One Race - Some other race - Uninsured MOE,Race - One Race - Some other race - Uninsured Pct,Race - One Race - Some other race - Uninsured Pct MOE,Race - Two or more races,Race - Two or more races MOE,Race - Two or more races - Uninsured,Race - Two or more races - Uninsured MOE,Race - Two or more races - Uninsured Pct,Race - Two or more races - Uninsured Pct MOE,"White, not Hispanic or Latino","White, not Hispanic or Latino MOE","White, not Hispanic or Latino - Uninsured","White, not Hispanic or Latino - Uninsured MOE","White, not Hispanic or Latino - Uninsured Pct","White, not Hispanic or Latino - Uninsured Pct MOE",Hispanic or Latino (of any race),Hispanic or Latino (of any race) MOE,Hispanic or Latino (of any race) - Uninsured,Hispanic or Latino (of any race) - Uninsured MOE,Hispanic or Latino (of any race) - Uninsured Pct,Hispanic or Latino (of any race) - Uninsured Pct MOE,Household Income,Household Income MOE,Household Income - Uninsured,Household Income - Uninsured MOE,Household Income - Uninsured Pct,Household Income - Uninsured Pct MOE,"Household Income - Under $25,000","Household Income - Under $25,000 MOE","Household Income - Under $25,000 - Uninsured","Household Income - Under $25,000 - Uninsured MOE","Household Income - Under $25,000 - Uninsured Pct","Household Income - Under $25,000 - Uninsured Pct MOE","Household Income - $25,000 to $49,999","Household Income - $25,000 to $49,999 MOE","Household Income - $25,000 to $49,999 - Uninsured","Household Income - $25,000 to $49,999 - Uninsured MOE","Household Income - $25,000 to $49,999 - Uninsured Pct","Household Income - $25,000 to $49,999 - Uninsured Pct MOE","Household Income - $50,000 to $74,999","Household Income - $50,000 to $74,999 MOE","Household Income - $50,000 to $74,999 - Uninsured","Household Income - $50,000 to $74,999 - Uninsured MOE","Household Income - $50,000 to $74,999 - Uninsured Pct","Household Income - $50,000 to $74,999 - Uninsured Pct MOE","Household Income - $75,000 to $99,999","Household Income - $75,000 to $99,999 MOE","Household Income - $75,000 to $99,999 - Uninsured","Household Income - $75,000 to $99,999 - Uninsured MOE","Household Income - $75,000 to $99,999 - Uninsured Pct","Household Income - $75,000 to $99,999 - Uninsured Pct MOE","Household Income - $100,000 and over","Household Income - $100,000 and over MOE","Household Income - $100,000 and over - Uninsured","Household Income - $100,000 and over - Uninsured MOE","Household Income - $100,000 and over - Uninsured Pct","Household Income - $100,000 and over - Uninsured Pct MOE",Ratio of Income to Poverty Level,Ratio of Income to Poverty Level MOE,Ratio of Income to Poverty Level - Uninsured,Ratio of Income to Poverty Level - Uninsured MOE,Ratio of Income to Poverty Level - Uninsured Pct,Ratio of Income to Poverty Level - Uninsured Pct MOE,Ratio of Income to Poverty Level - Under 1.38 of poverty,Ratio of Income to Poverty Level - Under 1.38 of poverty MOE,Ratio of Income to Poverty Level - Under 1.38 of poverty - Uninsured,Ratio of Income to Poverty Level - Under 1.38 of poverty - Uninsured MOE,Ratio of Income to Poverty Level - Under 1.38 of poverty - Uninsured Pct,Ratio of Income to Poverty Level - Under 1.38 of poverty - Uninsured Pct MOE,Ratio of Income to Poverty Level - 1.38 to 1.99 of poverty,Ratio of Income to Poverty Level - 1.38 to 1.99 of poverty MOE,Ratio of Income to Poverty Level - 1.38 to 1.99 of poverty - Uninsured,Ratio of Income to Poverty Level - 1.38 to 1.99 of poverty - Uninsured MOE,Ratio of Income to Poverty Level - 1.38 to 1.99 of poverty - Uninsured Pct,Ratio of Income to Poverty Level - 1.38 to 1.99 of poverty - Uninsured Pct MOE,Ratio of Income to Poverty Level - 2.00 of poverty and over,Ratio of Income to Poverty Level - 2.00 of poverty and over MOE,Ratio of Income to Poverty Level - 2.00 of poverty and over - Uninsured,Ratio of Income to Poverty Level - 2.00 of poverty and over - Uninsured MOE,Ratio of Income to Poverty Level - 2.00 of poverty and over - Uninsured Pct,Ratio of Income to Poverty Level - 2.00 of poverty and over - Uninsured Pct MOE,Location 1
Clearfield,76508,432,7838,644,10.2%,0.8%,15642,99,606,166,3.9%,1.1%,46820,356,7197,572,15.4%,1.2%,14046,201,35,33,0.2%,0.2%,5871,270,1290,228,22%,3.4%,38060,337,4304,419,11.3%,1.1%,38448,207,3534,366,9.2%,0.9%,75964,402,7777,645,10.2%,0.8%,75369,355,7680,636,10.2%,0.8%,74,135,4,15,5.4%,60.1%,77,36,16,18,20.8%,22.5%,370,96,37,36,10%,9.6%,0,24,0,24,,,74,60,40,50,54.1%,36.6%,544,165,61,52,11.2%,8.2%,74402,286,7467,607,10%,0.8%,1090,198,275,205,25.2%,17.6%,76355,437,7825,647,10.2%,0.8%,15993,868,2532,378,15.8%,2%,21525,1060,2456,368,11.4%,1.5%,17681,1107,1488,341,8.4%,1.8%,9902,839,692,247,7%,2.4%,11254,967,657,173,5.8%,1.5%,76142,448,7838,644,10.3%,0.8%,18270,1134,3346,446,18.3%,2.1%,10820,809,1189,237,11%,2%,47052,1183,3303,375,7%,0.8%,"Pennsylvania
(40.789676, -77.858055)"
Beaver,168629,222,12481,843,7.4%,0.5%,34004,20,987,215,2.9%,0.6%,102861,186,11464,783,11.1%,0.8%,31764,188,30,35,0.1%,0.1%,13245,348,2225,219,16.8%,1.7%,81530,190,6704,471,8.2%,0.6%,87099,184,5777,536,6.6%,0.6%,165135,418,12204,833,7.4%,0.5%,153530,285,10471,722,6.8%,0.5%,10017,383,1457,262,14.5%,2.6%,151,147,21,20,13.9%,17.9%,929,91,141,96,15.2%,10.5%,19,20,11,16,57.9%,57.9%,489,154,103,106,21.1%,19.3%,3494,359,277,104,7.9%,2.8%,152112,227,10407,722,6.8%,0.5%,2222,14,179,112,8.1%,5.1%,166808,385,12419,848,7.4%,0.5%,28214,1342,3429,457,12.2%,1.5%,38390,1624,3949,445,10.3%,1.1%,33411,1800,2494,423,7.5%,1.2%,27674,1519,1257,255,4.5%,0.9%,39119,1475,1290,258,3.3%,0.6%,167217,375,12440,844,7.4%,0.5%,29733,1332,4154,461,14%,1.4%,18903,1200,2239,339,11.8%,1.7%,118581,1605,6047,509,5.1%,0.4%,"Pennsylvania
(40.789676, -77.858055)"
Forest,4289,470,375,180,8.7%,3.5%,634,70,0,15,0%,3.9%,2257,455,372,180,16.5%,5.4%,1398,109,3,4,0.2%,0.3%,107,170,43,103,40.2%,59.8%,2014,413,173,156,8.6%,6.5%,2275,94,202,54,8.9%,2.3%,4251,463,364,172,8.6%,3.3%,4146,461,357,170,8.6%,3.4%,20,17,0,15,0%,58.2%,28,27,4,5,14.3%,21.8%,34,26,3,4,8.8%,14.4%,0,15,0,15,,,23,26,0,15,0%,54.2%,38,34,11,23,28.9%,50.2%,4119,455,357,170,8.7%,3.4%,69,77,0,15,0%,29.5%,4239,474,375,180,8.8%,3.5%,1124,155,154,83,13.7%,6.5%,1403,238,117,73,8.3%,4.4%,864,139,61,35,7.1%,3.7%,503,141,30,45,6%,8%,345,105,13,13,3.8%,3.4%,4265,471,375,180,8.8%,3.5%,1069,166,146,75,13.7%,6.1%,546,125,74,49,13.6%,6.9%,2650,342,155,93,5.8%,3%,"Pennsylvania
(40.789676, -77.858055)"
Mifflin,46167,128,7130,676,15.4%,1.5%,10657,49,2032,385,19.1%,3.6%,26868,91,4980,420,18.5%,1.6%,8642,107,118,63,1.4%,0.7%,3424,185,876,174,25.6%,4.9%,22834,112,3678,377,16.1%,1.6%,23333,127,3452,373,14.8%,1.6%,45663,138,7064,681,15.5%,1.5%,45048,143,6902,671,15.3%,1.5%,313,62,38,28,12.1%,8.7%,23,26,3,6,13%,22.7%,206,64,75,78,36.4%,32.1%,7,11,7,11,100%,98.3%,66,49,39,43,59.1%,38%,504,99,66,57,13.1%,10.8%,44630,134,6840,671,15.3%,1.5%,564,15,101,48,17.9%,8.6%,46102,132,7124,675,15.5%,1.5%,9511,817,2158,510,22.7%,4.7%,14066,990,2341,395,16.6%,2.6%,10464,784,1105,240,10.6%,2.2%,6841,792,792,342,11.6%,4.9%,5220,641,728,301,13.9%,5%,45876,164,7099,676,15.5%,1.5%,12286,818,3405,653,27.7%,4.7%,6625,662,1095,247,16.5%,3.4%,26965,887,2599,462,9.6%,1.7%,"Pennsylvania
(40.789676, -77.858055)"
Cameron,4888,58,404,116,8.3%,2.4%,884,27,50,49,5.7%,5.6%,2934,27,354,81,12.1%,2.8%,1070,45,0,10,0%,2.3%,283,26,58,25,20.5%,8.8%,2433,25,243,73,10%,3%,2455,54,161,57,6.6%,2.3%,4851,62,404,116,8.3%,2.4%,4808,56,392,115,8.2%,2.4%,20,17,5,14,25%,68.8%,13,13,2,3,15.4%,20.4%,10,11,5,7,50%,49.9%,0,10,0,10,,,0,10,0,10,,,37,24,0,10,0%,42.8%,4778,56,380,114,8%,2.4%,30,3,12,10,40%,33.9%,4845,67,393,115,8.1%,2.4%,926,142,77,43,8.3%,4.2%,1528,161,123,39,8%,2.4%,936,141,69,30,7.4%,2.9%,813,169,120,103,14.8%,11.2%,642,151,4,6,0.6%,0.9%,4866,61,404,116,8.3%,2.4%,1013,147,111,49,11%,4.3%,764,129,81,33,10.6%,3.8%,3089,167,212,104,6.9%,3.3%,"Pennsylvania
(40.789676, -77.858055)"
Carbon,64098,223,6757,702,10.5%,1.1%,13002,78,532,143,4.1%,1.1%,39414,146,6181,659,15.7%,1.7%,11682,182,44,47,0.4%,0.4%,4398,207,1017,251,23.1%,5.7%,31587,181,3538,419,11.2%,1.3%,32511,222,3219,423,9.9%,1.3%,63219,294,6705,713,10.6%,1.1%,61677,268,6326,681,10.3%,1.1%,725,182,93,79,12.8%,9.7%,118,96,78,88,66.1%,35.7%,320,96,137,76,42.8%,22.5%,0,24,0,24,,,379,185,71,67,18.7%,15%,879,238,52,67,5.9%,7.4%,59797,189,5929,652,9.9%,1.1%,2386,29,475,126,19.9%,5.3%,63983,224,6717,705,10.5%,1.1%,10026,864,1593,287,15.9%,2.5%,16758,1125,2057,405,12.3%,2.2%,14784,1250,1889,481,12.8%,2.8%,10414,1190,700,221,6.7%,2%,12001,1268,478,172,4%,1.4%,63877,252,6754,703,10.6%,1.1%,12800,1097,2349,373,18.4%,2.6%,7723,760,1398,311,18.1%,3.4%,43354,1337,3007,529,6.9%,1.2%,"Pennsylvania
(40.789676, -77.858055)"
Cumberland,233159,454,16905,1301,7.3%,0.6%,48909,47,2424,409,5%,0.8%,147162,366,14333,1063,9.7%,0.7%,37088,304,148,80,0.4%,0.2%,22859,455,3026,374,13.2%,1.6%,113228,398,9234,877,8.2%,0.8%,119931,269,7671,617,6.4%,0.5%,227549,756,16386,1317,7.2%,0.6%,211471,616,14358,1254,6.8%,0.6%,6065,387,687,152,11.3%,2.4%,195,92,8,9,4.1%,5.3%,7473,419,949,369,12.7%,4.8%,52,68,0,24,0%,35.8%,2293,419,384,177,16.7%,7.5%,5610,617,519,180,9.3%,3%,207781,452,13913,1231,6.7%,0.6%,6866,123,895,200,13%,2.9%,225777,939,16625,1298,7.4%,0.6%,26059,1564,4024,516,15.4%,1.7%,43297,1942,5183,724,12%,1.5%,44639,2131,3282,529,7.4%,1.1%,38552,2565,1927,382,5%,0.9%,73230,2505,2209,408,3%,0.6%,225487,956,16640,1297,7.4%,0.6%,29928,1613,5530,633,18.5%,1.9%,20173,1594,3122,444,15.5%,2%,175386,2259,7988,826,4.6%,0.5%,"Pennsylvania
(40.789676, -77.858055)"
Wyoming,27912,150,2592,223,9.3%,0.8%,5844,66,229,70,3.9%,1.2%,17362,80,2355,206,13.6%,1.2%,4706,149,8,9,0.2%,0.2%,2501,110,440,79,17.6%,3.3%,14035,97,1454,148,10.4%,1.1%,13877,119,1138,150,8.2%,1.1%,27594,146,2558,225,9.3%,0.8%,27260,153,2447,226,9%,0.8%,111,53,8,13,7.2%,13.1%,10,9,2,3,20%,32.4%,133,37,62,45,46.6%,37.1%,0,19,0,19,,,80,42,39,25,48.8%,18.6%,318,54,34,24,10.7%,7.2%,26892,142,2395,221,8.9%,0.8%,457,28,85,41,18.6%,8.6%,27470,247,2573,224,9.4%,0.8%,4043,376,556,96,13.8%,2.2%,6931,563,895,144,12.9%,2%,5659,468,454,129,8%,2.2%,4487,396,234,79,5.2%,1.6%,6350,503,434,140,6.8%,2.1%,27516,219,2581,225,9.4%,0.8%,5204,469,779,116,15%,2.2%,3564,392,548,152,15.4%,3.5%,18748,519,1254,215,6.7%,1.1%,"Pennsylvania
(40.789676, -77.858055)"
Snyder,39590,105,5696,515,14.4%,1.3%,8746,61,1546,360,17.7%,4.1%,24586,86,4041,286,16.4%,1.2%,6258,73,109,43,1.7%,0.7%,4245,175,839,143,19.8%,3.4%,19607,102,2982,258,15.2%,1.3%,19983,98,2714,366,13.6%,1.8%,39259,119,5628,507,14.3%,1.3%,38439,136,5527,504,14.4%,1.3%,313,67,8,14,2.6%,4.4%,25,29,0,22,0%,52%,278,27,76,34,27.3%,11.3%,5,7,5,7,100%,100%,199,106,12,14,6%,7.8%,331,70,68,50,20.5%,13.8%,37897,87,5462,508,14.4%,1.3%,781,10,81,58,10.4%,7.5%,37664,272,5612,507,14.9%,1.4%,5434,450,899,172,16.5%,2.9%,10903,788,1918,324,17.6%,2.5%,9043,837,1444,569,16%,5.5%,5475,597,415,134,7.6%,2.2%,6809,642,936,225,13.7%,3%,37598,278,5617,507,14.9%,1.4%,7660,603,2202,502,28.7%,5.5%,5763,585,1065,189,18.5%,3.4%,24175,753,2350,280,9.7%,1.1%,"Pennsylvania
(40.789676, -77.858055)"
Wayne,48448,506,5016,575,10.4%,1.2%,9491,12,489,173,5.2%,1.8%,29157,471,4492,471,15.4%,1.6%,9800,165,35,50,0.4%,0.5%,3364,175,608,136,18.1%,3.8%,24300,508,2915,353,12%,1.4%,24148,155,2101,295,8.7%,1.2%,48044,498,4977,573,10.4%,1.2%,46975,451,4822,566,10.3%,1.2%,645,180,72,92,11.2%,13.6%,53,26,13,10,24.5%,24.1%,247,57,31,36,12.6%,14.9%,10,21,0,24,0%,82.3%,114,83,39,36,34.2%,20.3%,404,91,39,27,9.7%,6.2%,45776,389,4678,558,10.2%,1.2%,1461,177,182,107,12.5%,6.5%,48112,528,4965,571,10.3%,1.2%,8095,712,1254,284,15.5%,3.2%,11785,793,1475,298,12.5%,2.5%,11211,862,1348,325,12%,2.5%,7688,648,506,136,6.6%,1.6%,9333,671,382,117,4.1%,1.3%,48204,518,5010,575,10.4%,1.2%,9600,762,1589,291,16.6%,2.9%,6031,701,855,214,14.2%,3.2%,32573,815,2566,384,7.9%,1.2%,"Pennsylvania
(40.789676, -77.858055)"
Adams,100245,310,9386,733,9.4%,0.7%,21620,84,1258,314,5.8%,1.4%,62211,243,8085,577,13%,0.9%,16414,171,43,32,0.3%,0.2%,9060,238,1610,314,17.8%,3.5%,49391,300,5022,454,10.2%,0.9%,50854,191,4364,417,8.6%,0.8%,98249,547,9089,711,9.3%,0.7%,92628,541,7380,608,8%,0.7%,1468,177,148,73,10.1%,5.1%,148,87,23,34,15.5%,15.8%,710,94,164,104,23.1%,12.9%,0,24,0,24,,,3295,475,1374,386,41.7%,9.8%,1996,424,297,136,14.9%,5.7%,90361,270,6935,613,7.7%,0.7%,6349,56,1940,384,30.6%,6%,97279,488,9221,748,9.5%,0.8%,12102,838,2275,468,18.8%,3.4%,19670,1013,2635,395,13.4%,1.8%,22400,1095,2196,374,9.8%,1.6%,16748,1072,899,221,5.4%,1.3%,26359,1152,1216,269,4.6%,1%,97107,512,9207,721,9.5%,0.7%,15510,1131,3709,502,23.9%,2.6%,9511,830,1833,345,19.3%,2.9%,72086,1233,3665,350,5.1%,0.5%,"Pennsylvania
(40.789676, -77.858055)"
Potter,17225,79,2083,196,12.1%,1.1%,3805,26,351,101,9.2%,2.7%,9937,68,1724,141,17.3%,1.4%,3483,47,8,8,0.2%,0.2%,1214,53,289,64,23.8%,5%,8623,76,1047,111,12.1%,1.3%,8602,64,1036,127,12%,1.5%,17069,80,2056,198,12%,1.2%,16891,79,2037,201,12.1%,1.2%,54,25,7,9,13%,15.2%,27,13,2,4,7.4%,12.7%,48,13,10,13,20.8%,26.6%,3,4,0,16,0%,100%,46,32,0,16,0%,38.3%,156,30,27,21,17.3%,12.6%,16746,74,2007,199,12%,1.2%,189,3,30,27,15.9%,14.1%,17191,88,2083,196,12.1%,1.1%,3536,269,634,137,17.9%,3.2%,4788,329,716,125,15%,2.3%,3825,289,403,88,10.5%,2%,2532,263,205,71,8.1%,2.6%,2510,260,125,52,5%,2%,17144,92,2043,194,11.9%,1.1%,4045,314,865,155,21.4%,3.4%,2522,243,403,90,16%,3.1%,10577,355,775,117,7.3%,1%,"Pennsylvania
(40.789676, -77.858055)"
Erie,274824,490,24535,1079,8.9%,0.4%,62026,91,1857,363,3%,0.6%,172457,329,22583,1005,13.1%,0.6%,40341,344,95,42,0.2%,0.1%,30155,505,5245,539,17.4%,1.8%,134067,367,13741,789,10.2%,0.6%,140757,278,10794,655,7.7%,0.5%,268063,770,23831,1051,8.9%,0.4%,242513,601,20090,996,8.3%,0.4%,18523,750,2621,361,14.1%,2%,750,180,148,121,19.7%,14.5%,3779,163,482,122,12.8%,3.2%,56,27,0,24,0%,34.2%,2442,424,490,226,20.1%,8.5%,6761,665,704,234,10.4%,3.3%,237073,430,19372,986,8.2%,0.4%,9821,97,1381,259,14.1%,2.6%,267487,729,24024,1078,9%,0.4%,54216,2083,7315,659,13.5%,1%,65768,2423,8387,777,12.8%,1.1%,55194,2382,4339,535,7.9%,0.9%,37550,1713,1860,348,5%,0.9%,54759,2502,2123,425,3.9%,0.7%,267763,690,24165,1062,9%,0.4%,64913,2396,10185,760,15.7%,1.1%,31882,1687,4079,449,12.8%,1.3%,170968,2308,9901,767,5.8%,0.4%,"Pennsylvania
(40.789676, -77.858055)"
Columbia,66328,242,4658,430,7%,0.6%,12237,6,432,145,3.5%,1.2%,43488,132,4223,370,9.7%,0.8%,10603,210,3,4,0%,0.1%,9891,342,936,279,9.5%,2.8%,31895,138,2468,310,7.7%,1%,34433,227,2190,263,6.4%,0.8%,65787,339,4634,435,7%,0.6%,63352,357,4299,441,6.8%,0.7%,1247,176,74,48,5.9%,3.7%,78,52,9,14,11.5%,14.3%,766,34,249,116,32.5%,15.3%,18,25,0,24,0%,61.3%,326,187,3,4,0.9%,1.4%,541,199,24,26,4.4%,4.9%,62246,253,4270,442,6.9%,0.7%,1565,12,29,29,1.9%,1.9%,63081,764,4635,429,7.3%,0.7%,13636,892,1591,269,11.7%,1.9%,14969,980,1682,376,11.2%,2.3%,13036,907,739,222,5.7%,1.6%,8916,775,246,83,2.8%,1%,12524,797,377,111,3%,0.9%,62820,795,4640,429,7.4%,0.7%,15102,935,2314,426,15.3%,2.5%,7039,638,821,205,11.7%,2.5%,40679,883,1505,207,3.7%,0.5%,"Pennsylvania
(40.789676, -77.858055)"
Lackawanna,210433,565,18883,1082,9%,0.5%,43104,37,1875,331,4.3%,0.8%,130621,167,16891,939,12.9%,0.7%,36708,534,117,84,0.3%,0.2%,20477,445,3150,368,15.4%,1.8%,101396,273,10611,686,10.5%,0.7%,109037,370,8272,558,7.6%,0.5%,207812,714,18650,1083,9%,0.5%,195770,618,16606,1004,8.5%,0.5%,5979,416,963,275,16.1%,4.4%,301,68,6,11,2%,3.5%,4182,274,748,220,17.9%,5%,52,58,15,24,28.8%,24.7%,1528,417,312,139,20.4%,7.8%,2621,465,233,135,8.9%,4.7%,186512,526,14268,885,7.6%,0.5%,11758,90,2952,431,25.1%,3.6%,205600,751,18685,1059,9.1%,0.5%,39808,1965,5146,683,12.9%,1.4%,51236,2031,6828,708,13.3%,1.2%,39950,1995,3336,590,8.4%,1.4%,28146,1807,1626,358,5.8%,1.2%,46460,2049,1749,377,3.8%,0.8%,205974,732,18707,1070,9.1%,0.5%,44906,1941,7605,706,16.9%,1.3%,26720,1549,3358,498,12.6%,1.6%,134348,2064,7744,760,5.8%,0.6%,"Pennsylvania
(40.789676, -77.858055)"
Monroe,167279,262,20334,1392,12.2%,0.8%,37639,77,1867,464,5%,1.2%,106708,234,18237,1117,17.1%,1%,22932,255,230,163,1%,0.7%,16572,448,3790,486,22.9%,2.9%,82536,226,11030,861,13.4%,1%,84743,261,9304,841,11%,1%,162914,676,19791,1395,12.1%,0.9%,132101,1100,15685,1235,11.9%,0.9%,22731,829,2683,639,11.8%,2.7%,612,131,342,170,55.9%,22.3%,3428,273,550,220,16%,5.9%,85,91,15,23,17.6%,21.1%,3957,852,516,230,13%,5.3%,4365,613,543,223,12.4%,4.6%,115675,300,13487,1009,11.7%,0.9%,23293,81,3368,674,14.5%,2.9%,165331,388,20257,1391,12.3%,0.8%,23290,2166,4713,963,20.2%,3.6%,35046,2178,5769,915,16.5%,2.2%,34323,2386,4406,786,12.8%,2.1%,25365,2172,2056,529,8.1%,2%,47307,2454,3313,609,7%,1.3%,165030,467,20227,1389,12.3%,0.8%,31506,2489,7200,1126,22.9%,3%,19916,2155,3633,639,18.2%,2.6%,113608,2991,9394,938,8.3%,0.8%,"Pennsylvania
(40.789676, -77.858055)"
Huntingdon,42140,463,3981,316,9.4%,0.7%,8790,43,456,123,5.2%,1.4%,25479,433,3503,281,13.7%,1.1%,7871,139,22,12,0.3%,0.2%,3825,184,744,147,19.5%,3.9%,20651,332,2242,221,10.9%,1%,21489,197,1739,186,8.1%,0.9%,41784,403,3961,314,9.5%,0.7%,41097,307,3864,310,9.4%,0.8%,399,177,66,62,16.5%,9.2%,16,15,5,7,31.3%,46.1%,214,62,23,21,10.7%,9.4%,0,22,0,22,,,58,30,3,4,5.2%,6.3%,356,138,20,18,5.6%,4.5%,40720,252,3795,296,9.3%,0.7%,411,112,72,52,17.5%,10.3%,40841,465,3950,308,9.7%,0.7%,7793,573,960,163,12.3%,1.8%,11687,656,1428,194,12.2%,1.5%,9546,531,775,155,8.1%,1.5%,5606,442,302,91,5.4%,1.6%,6209,500,485,210,7.8%,3.2%,40785,473,3969,314,9.7%,0.7%,9031,720,1289,188,14.3%,2%,5885,491,812,132,13.8%,1.9%,25869,706,1868,268,7.2%,1%,"Pennsylvania
(40.789676, -77.858055)"
Allegheny,1214370,1594,90813,2423,7.5%,0.2%,237063,128,5984,606,2.5%,0.3%,776528,1354,84382,2183,10.9%,0.3%,200779,671,447,147,0.2%,0.1%,121251,1231,16877,897,13.9%,0.7%,582118,1317,51333,1552,8.8%,0.3%,632252,692,39480,1312,6.2%,0.2%,1186997,2038,88351,2500,7.4%,0.2%,986695,1209,64715,2112,6.6%,0.2%,155550,1400,19313,1268,12.4%,0.8%,1646,210,276,98,16.8%,5.7%,38001,622,3318,525,8.7%,1.4%,302,66,51,38,16.9%,11.4%,4803,624,678,186,14.1%,3.8%,27373,1415,2462,384,9%,1.3%,973070,912,62936,2073,6.5%,0.2%,20998,154,2457,374,11.7%,1.8%,1192995,1907,90048,2407,7.5%,0.2%,210015,3751,29817,1378,14.2%,0.6%,238964,4348,27473,1180,11.5%,0.4%,216519,4325,16208,1116,7.5%,0.5%,173419,4311,8449,766,4.9%,0.4%,354078,4470,8101,821,2.3%,0.2%,1195299,1862,90289,2388,7.6%,0.2%,224021,4357,36108,1531,16.1%,0.6%,118386,3464,15454,1044,13.1%,0.7%,852892,4917,38727,1671,4.5%,0.2%,"Pennsylvania
(40.789676, -77.858055)"
Clarion,39023,137,3900,358,10%,0.9%,7540,7,491,161,6.5%,2.1%,24976,71,3366,272,13.5%,1.1%,6507,94,43,41,0.7%,0.6%,5643,191,807,139,14.3%,2.5%,19044,97,2147,276,11.3%,1.4%,19979,150,1753,158,8.8%,0.8%,38678,169,3891,359,10.1%,0.9%,37935,136,3751,343,9.9%,0.9%,361,86,48,41,13.3%,10.5%,51,20,8,10,15.7%,18%,221,53,59,74,26.7%,34.1%,10,15,10,15,100%,82.2%,100,60,15,17,15%,17.1%,345,86,9,8,2.6%,2.2%,37777,122,3733,344,9.9%,0.9%,235,19,31,20,13.2%,7.6%,37699,300,3842,356,10.2%,0.9%,8774,617,1185,210,13.5%,2.4%,9334,614,1163,142,12.5%,1.3%,8851,643,832,237,9.4%,2.4%,4872,457,380,126,7.8%,2.3%,5868,396,282,119,4.8%,2%,37671,300,3846,356,10.2%,0.9%,9815,546,1567,252,16%,2.5%,4713,415,781,153,16.6%,2.7%,23143,565,1498,199,6.5%,0.8%,"Pennsylvania
(40.789676, -77.858055)"
Butler,182796,375,12615,745,6.9%,0.4%,39468,96,1198,247,3%,0.6%,114658,179,11409,666,10%,0.6%,28670,279,8,12,0%,0.1%,15927,410,2537,321,15.9%,2%,90121,192,6887,465,7.6%,0.5%,92675,316,5728,548,6.2%,0.6%,180985,457,12493,741,6.9%,0.4%,176781,384,11956,700,6.8%,0.4%,1710,192,185,89,10.8%,4.8%,157,59,11,12,7%,7.6%,2001,159,284,202,14.2%,10.1%,52,46,0,24,0%,35.8%,284,129,57,81,20.1%,24.3%,1811,253,122,64,6.7%,3.3%,174961,354,11813,697,6.8%,0.4%,2193,25,227,122,10.4%,5.6%,179513,588,12384,741,6.9%,0.4%,22830,972,3379,440,14.8%,1.8%,34301,1366,4006,457,11.7%,1.2%,34557,1558,2304,415,6.7%,1.1%,28276,1556,1263,264,4.5%,0.9%,59549,2000,1432,257,2.4%,0.4%,179754,554,12406,746,6.9%,0.4%,25064,1071,4526,491,18.1%,1.7%,16040,1061,1989,274,12.4%,1.5%,138650,1442,5891,576,4.2%,0.4%,"Pennsylvania
(40.789676, -77.858055)"
McKean,40901,344,3666,401,9%,1%,8749,87,335,143,3.8%,1.6%,25053,334,3324,325,13.3%,1.2%,7099,116,7,10,0.1%,0.1%,3688,162,573,97,15.5%,2.6%,20300,293,1931,227,9.5%,1.1%,20601,146,1735,255,8.4%,1.2%,40379,240,3615,386,9%,0.9%,39903,192,3563,383,8.9%,1%,132,91,14,31,10.6%,20.2%,75,43,11,25,14.7%,30.4%,205,53,4,6,2%,3%,0,22,0,22,,,64,70,23,29,35.9%,40.8%,522,207,51,48,9.8%,7.3%,39625,178,3539,384,8.9%,1%,461,162,58,49,12.6%,8.8%,40017,375,3635,401,9.1%,1%,8577,646,1042,195,12.1%,2.2%,11159,584,1432,284,12.8%,2.4%,9253,666,549,141,5.9%,1.5%,5480,594,337,127,6.1%,2.2%,5548,559,275,127,5%,2%,39824,385,3653,400,9.2%,1%,9893,663,1441,206,14.6%,2.1%,5120,547,865,253,16.9%,4.3%,24811,704,1347,212,5.4%,0.8%,"Pennsylvania
(40.789676, -77.858055)"
Dauphin,266222,438,26627,1425,10%,0.5%,61378,48,3718,613,6.1%,1%,167137,343,22589,1176,13.5%,0.7%,37707,260,320,129,0.8%,0.3%,22922,532,4982,575,21.7%,2.4%,128014,369,14677,873,11.5%,0.7%,138208,238,11950,904,8.6%,0.7%,257371,996,25311,1392,9.8%,0.5%,193793,1086,15237,879,7.9%,0.4%,46916,793,6588,740,14%,1.6%,498,240,164,183,32.9%,23.2%,9142,429,1652,490,18.1%,4.9%,85,35,7,10,8.2%,11.4%,6937,1024,1663,594,24%,7.2%,8851,934,1316,444,14.9%,4.7%,183994,451,13439,817,7.3%,0.4%,20427,101,4087,646,20%,3.1%,262416,709,25817,1408,9.8%,0.5%,42007,1936,6741,790,16%,1.6%,57269,2464,8421,877,14.7%,1.3%,52244,2172,5453,750,10.4%,1.3%,39194,1983,2248,480,5.7%,1.1%,71702,2521,2954,532,4.1%,0.7%,264707,504,26558,1424,10%,0.5%,53034,2424,10673,1098,20.1%,1.9%,27185,1847,4806,785,17.7%,2.4%,184488,2529,11079,1152,6%,0.6%,"Pennsylvania
(40.789676, -77.858055)"
Delaware,553107,501,47438,1997,8.6%,0.4%,127236,183,4873,704,3.8%,0.6%,347167,344,42137,1702,12.1%,0.5%,78704,367,428,129,0.5%,0.2%,55951,838,8426,629,15.1%,1.1%,263820,458,25445,1276,9.6%,0.5%,289287,305,21993,1148,7.6%,0.4%,542505,1016,46263,1921,8.5%,0.4%,397628,1032,23348,1372,5.9%,0.3%,111645,972,16157,1124,14.5%,1%,654,193,61,43,9.3%,6.4%,27873,452,5065,650,18.2%,2.3%,70,51,2,10,2.9%,13.6%,4635,933,1630,617,35.2%,8.9%,10602,968,1175,268,11.1%,2.3%,387279,383,20779,1295,5.4%,0.3%,17806,131,4693,648,26.4%,3.6%,538372,981,46808,1965,8.7%,0.4%,68614,2513,10743,935,15.7%,1.1%,97510,2877,14199,1264,14.6%,1.1%,90199,2898,9552,926,10.6%,1%,75689,3087,4783,625,6.3%,0.8%,206360,3203,7531,813,3.6%,0.4%,539364,920,46912,1991,8.7%,0.4%,84663,2914,16288,1296,19.2%,1.2%,50983,2262,7799,848,15.3%,1.5%,403718,3381,22825,1342,5.7%,0.3%,"Pennsylvania
(40.789676, -77.858055)"
Westmoreland,358183,823,24425,1292,6.8%,0.4%,69782,69,1768,417,2.5%,0.6%,219094,690,22577,1123,10.3%,0.5%,69307,330,80,48,0.1%,0.1%,26614,447,4173,426,15.7%,1.6%,173895,710,13284,834,7.6%,0.5%,184288,326,11141,803,6%,0.4%,353400,963,24020,1285,6.8%,0.4%,341601,666,22657,1219,6.6%,0.4%,7656,504,885,217,11.6%,2.6%,418,170,88,117,21.1%,23%,3180,136,262,132,8.2%,4.1%,28,31,4,7,14.3%,34.2%,517,174,124,70,24%,10.3%,4783,516,405,107,8.5%,2.3%,339253,633,22449,1208,6.6%,0.4%,3473,83,458,140,13.2%,4%,353993,929,24073,1290,6.8%,0.4%,57133,2167,6288,501,11%,0.8%,77770,2150,8349,797,10.7%,0.9%,71020,2917,4613,558,6.5%,0.7%,52664,2084,2122,299,4%,0.5%,95406,2489,2701,567,2.8%,0.6%,354541,921,24269,1289,6.8%,0.4%,59337,2612,8261,724,13.9%,1.1%,39418,1779,4562,575,11.6%,1.2%,255786,2548,11446,947,4.5%,0.4%,"Pennsylvania
(40.789676, -77.858055)"
Philadelphia,1531799,1234,216348,4371,14.1%,0.3%,344920,226,16967,1269,4.9%,0.4%,1004015,826,197584,3991,19.7%,0.4%,182864,713,1797,359,1%,0.2%,198336,1943,46307,1886,23.3%,0.9%,721530,872,121993,3226,16.9%,0.4%,810269,730,94355,2455,11.6%,0.3%,1491355,2622,210408,4379,14.1%,0.3%,637140,3739,71960,2445,11.3%,0.4%,657273,2720,97286,2807,14.8%,0.4%,5266,708,932,273,17.7%,5%,103210,924,21336,1284,20.7%,1.2%,1533,693,71,60,4.6%,4.4%,86933,3757,18823,1943,21.7%,1.8%,40444,2430,5940,642,14.7%,1.6%,555022,951,54926,2070,9.9%,0.4%,199868,289,39310,2020,19.7%,1%,1495910,2368,214418,4325,14.3%,0.3%,437959,7546,72325,2497,16.5%,0.5%,377449,7837,67444,2787,17.9%,0.6%,252653,5776,35691,1773,14.1%,0.7%,165770,5899,20580,1807,12.4%,0.9%,262079,6432,18378,1690,7%,0.6%,1503569,2367,215372,4333,14.3%,0.3%,542048,7118,99381,2840,18.3%,0.5%,191404,4829,35627,2197,18.6%,1%,770117,6479,80364,2526,10.4%,0.3%,"Pennsylvania
(40.789676, -77.858055)"
Schuylkill,140430,501,13489,755,9.6%,0.5%,29029,13,1454,344,5%,1.2%,85424,391,11938,610,14%,0.7%,25977,366,97,38,0.4%,0.1%,10442,258,2248,223,21.5%,2.1%,69286,415,7213,485,10.4%,0.7%,71144,339,6276,454,8.8%,0.6%,138952,474,13325,764,9.6%,0.6%,135747,530,12611,784,9.3%,0.6%,1292,402,301,178,23.3%,9%,97,50,7,8,7.2%,9.6%,809,72,106,102,13.1%,12.7%,23,34,0,24,0%,54.2%,984,290,300,173,30.5%,12.9%,1478,286,164,95,11.1%,5.7%,133229,411,12120,752,9.1%,0.6%,3924,141,919,202,23.4%,4.9%,139999,508,13466,757,9.6%,0.5%,26714,1169,3809,467,14.3%,1.7%,35229,1513,4956,558,14.1%,1.4%,30820,1586,2566,424,8.3%,1.2%,22124,1466,1283,304,5.8%,1.3%,25112,1468,852,150,3.4%,0.6%,139755,548,13438,758,9.6%,0.5%,29366,1187,5753,582,19.6%,2%,18817,1082,2420,408,12.9%,2%,91572,1303,5265,485,5.7%,0.5%,"Pennsylvania
(40.789676, -77.858055)"
Fulton,14700,24,1446,173,9.8%,1.2%,3246,18,152,56,4.7%,1.7%,8746,24,1291,146,14.8%,1.7%,2708,29,3,4,0.1%,0.2%,973,38,195,47,20%,4.6%,7396,38,805,118,10.9%,1.6%,7304,45,641,86,8.8%,1.2%,14600,42,1442,173,9.9%,1.2%,14315,39,1390,171,9.7%,1.2%,188,37,23,28,12.2%,14.1%,36,12,8,8,22.2%,18.8%,18,10,3,4,16.7%,19.8%,8,9,0,16,0%,92%,35,29,18,20,51.4%,45.7%,100,37,4,5,4%,4.9%,14229,24,1383,172,9.7%,1.2%,140,13,25,20,17.9%,14.6%,14688,31,1443,174,9.8%,1.2%,2378,227,295,70,12.4%,2.6%,4045,301,534,98,13.2%,2.1%,3457,293,358,95,10.4%,2.8%,2528,265,160,80,6.3%,3%,2280,247,96,52,4.2%,2.3%,14630,42,1436,172,9.8%,1.2%,3075,278,487,97,15.8%,2.7%,2150,234,341,84,15.9%,3.5%,9405,316,608,143,6.5%,1.5%,"Pennsylvania
(40.789676, -77.858055)"
Bedford,48771,131,5487,438,11.3%,0.9%,10411,32,876,192,8.4%,1.9%,28921,76,4575,345,15.8%,1.2%,9439,122,36,26,0.4%,0.3%,3439,119,998,125,29%,3.8%,24360,91,2925,264,12%,1.1%,24411,151,2562,254,10.5%,1%,48382,141,5460,439,11.3%,0.9%,47902,155,5382,441,11.2%,0.9%,215,73,56,48,26%,21.2%,93,37,18,18,19.4%,20.5%,120,54,0,22,0%,18.7%,0,22,0,22,,,52,68,4,10,7.7%,22.1%,389,96,27,15,6.9%,4%,47609,133,5339,440,11.2%,0.9%,419,36,66,31,15.8%,6.6%,48717,135,5481,438,11.3%,0.9%,9839,710,1595,267,16.2%,2.4%,12746,914,1677,265,13.2%,1.7%,11159,702,963,152,8.6%,1.3%,7086,596,468,165,6.6%,2.3%,7887,725,778,185,9.9%,2%,48570,171,5449,437,11.2%,0.9%,10806,674,2251,346,20.8%,2.8%,6608,662,895,203,13.5%,2.4%,31156,942,2303,306,7.4%,0.9%,"Pennsylvania
(40.789676, -77.858055)"
Mercer,111967,465,10691,784,9.5%,0.7%,23565,265,1974,373,8.4%,1.6%,67470,284,8642,561,12.8%,0.8%,20932,293,75,37,0.4%,0.2%,10383,265,1997,295,19.2%,2.8%,54001,394,5850,497,10.8%,0.9%,57966,266,4841,428,8.4%,0.7%,110196,493,10403,761,9.4%,0.7%,103540,378,9583,750,9.3%,0.7%,5326,372,638,206,12%,3.7%,80,44,3,4,3.8%,6%,814,91,177,77,21.7%,9.2%,10,17,0,24,0%,82.3%,426,188,2,5,0.5%,1.3%,1771,290,288,130,16.3%,5.9%,102702,363,9548,750,9.3%,0.7%,1232,67,63,39,5.1%,3.1%,108543,560,10609,788,9.8%,0.7%,20324,960,3006,438,14.8%,2%,30715,1569,4392,684,14.3%,2.1%,22791,1270,1759,303,7.7%,1.2%,15615,1483,741,164,4.7%,1%,19098,1177,711,117,3.7%,0.6%,108439,568,10553,793,9.7%,0.7%,24513,1133,5089,636,20.8%,2.4%,13799,1006,1755,285,12.7%,2%,70127,1239,3709,345,5.3%,0.5%,"Pennsylvania
(40.789676, -77.858055)"
Chester,501508,533,40648,1821,8.1%,0.4%,121478,85,6528,849,5.4%,0.7%,313256,305,33740,1401,10.8%,0.4%,66774,421,380,135,0.6%,0.2%,43136,659,6583,516,15.3%,1.2%,246167,368,22950,1214,9.3%,0.5%,255341,351,17698,1007,6.9%,0.4%,492080,971,39741,1799,8.1%,0.4%,435189,1102,33624,1943,7.7%,0.4%,29478,584,3047,432,10.3%,1.5%,453,156,23,30,5.1%,6.1%,21511,474,1115,274,5.2%,1.3%,67,83,0,24,0%,30.2%,5382,1001,1932,791,35.9%,10.6%,9428,882,907,254,9.6%,2.4%,407947,487,22838,1539,5.6%,0.4%,34164,112,13122,813,38.4%,2.4%,491556,1048,39223,1812,8%,0.4%,39186,1971,6517,810,16.6%,1.8%,64462,2438,11621,1044,18%,1.5%,69210,2577,8055,868,11.6%,1.2%,65140,2767,3949,725,6.1%,1.1%,253558,3012,9081,1340,3.6%,0.5%,493263,1013,39976,1812,8.1%,0.4%,52430,2490,12757,1284,24.3%,1.9%,33579,1888,7242,876,21.6%,2%,407254,3087,19977,1650,4.9%,0.4%,"Pennsylvania
(40.789676, -77.858055)"
Cambria,136141,597,10436,707,7.7%,0.5%,27329,35,653,155,2.4%,0.6%,82422,490,9744,641,11.8%,0.8%,26390,276,39,31,0.1%,0.1%,11902,289,1961,279,16.5%,2.3%,65745,460,5904,518,9%,0.8%,70396,220,4532,369,6.4%,0.5%,133925,690,10279,702,7.7%,0.5%,129283,491,9747,645,7.5%,0.5%,3409,342,399,121,11.7%,3.3%,67,35,7,10,10.4%,14.8%,721,89,70,50,9.7%,7%,32,29,13,21,40.6%,47.1%,413,169,43,54,10.4%,14.5%,2216,279,157,95,7.1%,3.9%,128382,428,9582,632,7.5%,0.5%,1696,116,258,130,15.2%,7.4%,132344,687,10291,705,7.8%,0.5%,27595,1110,3485,444,12.6%,1.5%,35312,1255,3470,368,9.8%,1%,27071,1258,1841,302,6.8%,1.1%,19432,1042,837,249,4.3%,1.2%,22934,1282,658,169,2.9%,0.7%,132703,706,10341,706,7.8%,0.5%,29509,1154,4383,533,14.9%,1.6%,18516,859,1838,278,9.9%,1.4%,84678,1324,4120,458,4.9%,0.5%,"Pennsylvania
(40.789676, -77.858055)"
Jefferson,44425,192,4942,418,11.1%,0.9%,9605,4,843,182,8.8%,1.9%,26745,86,4090,299,15.3%,1.1%,8075,166,9,8,0.1%,0.1%,3547,130,829,124,23.4%,3.5%,22051,113,2637,262,12%,1.2%,22374,131,2305,214,10.3%,0.9%,44036,194,4909,419,11.1%,0.9%,43615,198,4852,418,11.1%,1%,175,41,21,18,12%,9.9%,92,28,6,7,6.5%,6.9%,91,22,14,11,15.4%,12.3%,5,8,0,22,0%,100%,58,36,16,18,27.6%,30.2%,389,54,33,14,8.5%,3.7%,43386,190,4802,425,11.1%,1%,308,22,54,30,17.5%,9.7%,44168,225,4928,418,11.2%,0.9%,8878,544,1544,316,17.4%,3.2%,12724,684,1711,268,13.4%,2%,10478,580,889,130,8.5%,1.1%,6545,556,561,147,8.6%,2%,5543,453,223,65,4%,1.1%,44058,251,4921,418,11.2%,0.9%,10602,713,2130,326,20.1%,2.6%,6806,519,1059,217,15.6%,2.9%,26650,685,1732,210,6.5%,0.8%,"Pennsylvania
(40.789676, -77.858055)"
Luzerne,312864,578,29440,1317,9.4%,0.4%,63529,36,2899,568,4.6%,0.9%,193056,468,26388,1176,13.7%,0.6%,56279,374,153,86,0.3%,0.2%,28827,498,5807,530,20.1%,1.8%,152265,482,16310,898,10.7%,0.6%,160599,369,13130,793,8.2%,0.5%,308065,828,28975,1302,9.4%,0.4%,286740,1166,24353,1152,8.5%,0.4%,9584,685,1748,371,18.2%,3.5%,923,381,230,119,24.9%,11.2%,3192,196,474,184,14.8%,5.7%,122,101,0,24,0%,18.4%,7504,898,2170,479,28.9%,5.7%,4799,626,465,135,9.7%,2.8%,272798,437,21833,1130,8%,0.4%,24945,137,5383,687,21.6%,2.7%,308033,760,29248,1318,9.5%,0.4%,64688,2213,8768,741,13.6%,1%,72791,2376,10205,1104,14%,1.3%,61880,2508,5808,736,9.4%,1.2%,43111,2289,2117,371,4.9%,0.8%,65563,2717,2350,378,3.6%,0.5%,308574,793,29354,1316,9.5%,0.4%,73453,2225,12637,942,17.2%,1.3%,37819,1769,5672,741,15%,1.7%,197302,2640,11045,822,5.6%,0.4%,"Pennsylvania
(40.789676, -77.858055)"
York,433218,446,37780,1742,8.7%,0.4%,100032,76,3775,565,3.8%,0.6%,269576,339,33897,1461,12.6%,0.5%,63610,278,108,63,0.2%,0.1%,36453,632,7349,588,20.2%,1.6%,213356,336,20879,1245,9.8%,0.6%,219862,275,16901,808,7.7%,0.4%,423248,921,37036,1715,8.8%,0.4%,385267,1045,30641,1559,8%,0.4%,23091,848,3258,494,14.1%,2.1%,345,123,19,21,5.5%,5.9%,5919,248,1106,353,18.7%,5.9%,64,57,8,13,12.5%,22%,8562,1071,2004,397,23.4%,4%,9970,806,744,192,7.5%,1.9%,370994,431,28061,1439,7.6%,0.4%,26183,131,5244,697,20%,2.6%,429165,738,37393,1757,8.7%,0.4%,54861,2157,8945,840,16.3%,1.4%,89109,3057,12101,1013,13.6%,1%,90124,3073,7844,1047,8.7%,1.1%,71954,2733,4251,586,5.9%,0.8%,123117,2920,4252,632,3.5%,0.5%,428721,806,37444,1736,8.7%,0.4%,67539,2756,13553,923,20.1%,1.2%,44281,2395,6662,973,15%,2%,316901,3026,17229,1296,5.4%,0.4%,"Pennsylvania
(40.789676, -77.858055)"
Pike,56480,125,5845,729,10.3%,1.3%,12114,13,382,176,3.2%,1.5%,33810,166,5385,671,15.9%,2%,10556,112,78,84,0.7%,0.8%,4281,282,941,229,22%,5.1%,28001,172,3137,403,11.2%,1.4%,28479,122,2708,490,9.5%,1.7%,55141,362,5780,741,10.5%,1.3%,50562,404,4911,614,9.7%,1.2%,2945,267,356,163,12.1%,5.7%,64,48,0,24,0%,31.2%,732,314,399,370,54.5%,33.8%,16,28,0,24,0%,65%,822,305,114,106,13.9%,11.4%,1339,344,65,44,4.9%,3.3%,46543,105,4545,571,9.8%,1.2%,5386,32,646,298,12%,5.5%,56384,143,5822,725,10.3%,1.3%,6808,801,1197,271,17.6%,3.1%,11886,1206,1739,392,14.6%,2.8%,12091,1196,1052,297,8.7%,2.2%,9575,1115,674,228,7%,2.2%,16024,1198,1160,417,7.2%,2.6%,56102,213,5793,720,10.3%,1.3%,8313,879,1972,371,23.7%,3.6%,6999,962,999,255,14.3%,3.4%,40790,1208,2822,479,6.9%,1.2%,"Pennsylvania
(40.789676, -77.858055)"
Somerset,72613,455,7085,514,9.8%,0.7%,14444,33,805,186,5.6%,1.3%,43924,412,6196,431,14.1%,1%,14245,170,84,41,0.6%,0.3%,5300,181,1074,139,20.3%,2.6%,35938,364,3800,309,10.6%,0.8%,36675,185,3285,295,9%,0.8%,72030,386,7009,513,9.7%,0.7%,71488,332,6974,513,9.8%,0.7%,203,133,21,23,10.3%,11.4%,47,24,0,24,0%,37.9%,215,76,4,6,1.9%,3%,7,12,0,24,0%,98.3%,70,47,10,14,14.3%,16.7%,583,169,76,52,13%,7.9%,71085,327,6930,514,9.7%,0.7%,518,144,59,50,11.4%,7.7%,72336,453,7072,514,9.8%,0.7%,13471,710,1822,227,13.5%,1.6%,20238,1042,2402,370,11.9%,1.6%,15929,792,1351,280,8.5%,1.6%,10591,792,720,182,6.8%,1.5%,12107,824,777,215,6.4%,1.7%,72457,470,7067,513,9.8%,0.7%,14798,881,2368,292,16%,1.8%,10528,834,1581,287,15%,2.2%,47131,950,3118,331,6.6%,0.7%,"Pennsylvania
(40.789676, -77.858055)"
Fayette,132105,310,13927,877,10.5%,0.7%,26752,79,1119,274,4.2%,1%,81059,334,12805,790,15.8%,1%,24294,178,3,5,0%,0.1%,10461,313,2513,286,24%,2.7%,64114,309,7442,562,11.6%,0.9%,67991,194,6485,489,9.5%,0.7%,129049,536,13633,875,10.6%,0.7%,124120,289,13043,831,10.5%,0.7%,4210,481,456,152,10.8%,3.3%,103,85,12,21,11.7%,15.3%,156,99,30,43,19.2%,28.1%,228,275,67,71,29.4%,15.5%,232,92,25,33,10.8%,13.1%,3056,387,294,123,9.6%,3.6%,123661,274,12887,794,10.4%,0.6%,970,137,203,106,20.9%,8.9%,130728,458,13551,862,10.4%,0.7%,31986,1474,4301,521,13.4%,1.4%,34709,1778,4367,522,12.6%,1.4%,27216,1444,2735,390,10%,1.2%,17303,1311,1274,350,7.4%,1.8%,19514,1205,874,199,4.5%,0.9%,131448,414,13737,886,10.5%,0.7%,36121,1475,6002,666,16.6%,1.7%,17486,1272,2200,394,12.6%,1.9%,77841,1696,5535,540,7.1%,0.6%,"Pennsylvania
(40.789676, -77.858055)"
Perry,45289,126,5365,407,11.8%,0.9%,10271,56,1114,205,10.8%,2%,28573,69,4209,307,14.7%,1.1%,6445,106,42,25,0.7%,0.4%,3589,125,913,123,25.4%,3.2%,22639,118,2846,218,12.6%,1%,22650,124,2519,260,11.1%,1.2%,44724,150,5238,408,11.7%,0.9%,44079,158,5150,410,11.7%,0.9%,226,60,7,16,3.1%,6.8%,47,50,3,5,6.4%,12.1%,160,57,32,41,20%,23.1%,2,3,0,22,0%,100%,210,98,46,30,21.9%,16.5%,565,84,127,45,22.5%,7.1%,43641,118,5055,389,11.6%,0.9%,665,24,141,67,21.2%,10.1%,45175,122,5319,409,11.8%,0.9%,5560,507,1218,328,21.9%,5%,9842,573,1576,244,16%,2.1%,10886,684,1401,377,12.9%,3.2%,8297,712,432,147,5.2%,1.7%,10590,776,692,174,6.5%,1.5%,45040,173,5340,406,11.9%,0.9%,6883,566,1852,306,26.9%,3.9%,4964,531,1114,224,22.4%,3.1%,33193,666,2374,271,7.2%,0.8%,"Pennsylvania
(40.789676, -77.858055)"
Warren,40496,142,3769,364,9.3%,0.9%,8277,51,580,193,7%,2.3%,24419,109,3185,245,13%,1%,7800,109,4,6,0.1%,0.1%,2740,123,584,111,21.3%,4%,20230,142,2012,187,9.9%,0.9%,20266,99,1757,228,8.7%,1.1%,40173,137,3738,363,9.3%,0.9%,39727,141,3633,376,9.1%,0.9%,134,62,9,11,6.7%,8.4%,108,48,41,39,38%,26.9%,167,42,55,46,32.9%,23.4%,0,22,0,22,,,37,29,0,22,0%,42.8%,323,69,31,22,9.6%,6.2%,39564,122,3610,371,9.1%,0.9%,302,64,57,46,18.9%,13.2%,40442,153,3766,364,9.3%,0.9%,7573,566,1369,257,18.1%,2.9%,11225,614,1125,203,10%,1.7%,8173,544,736,238,9%,2.7%,6376,571,264,97,4.1%,1.4%,7095,447,272,78,3.8%,1.1%,40211,188,3723,356,9.3%,0.9%,8140,575,1721,297,21.1%,3.1%,5756,523,618,148,10.7%,2.4%,26315,679,1384,202,5.3%,0.7%,"Pennsylvania
(40.789676, -77.858055)"
Venango,53495,197,5122,470,9.6%,0.9%,11150,92,448,163,4%,1.5%,32447,100,4655,424,14.3%,1.3%,9898,123,19,20,0.2%,0.2%,3769,135,905,122,24%,3%,26210,116,2857,283,10.9%,1.1%,27285,136,2265,251,8.3%,0.9%,52566,220,4999,466,9.5%,0.9%,51965,199,4880,469,9.4%,0.9%,269,79,64,37,23.8%,11.3%,40,22,10,9,25%,20.6%,214,37,38,26,17.8%,12%,1,3,1,3,100%,100%,77,61,6,10,7.8%,16.3%,929,133,123,56,13.2%,5.4%,51653,180,4816,458,9.3%,0.9%,508,26,83,49,16.3%,9.4%,52976,248,5111,469,9.6%,0.9%,11197,703,1575,292,14.1%,2.3%,13943,778,1694,257,12.1%,1.7%,12770,730,957,171,7.5%,1.3%,7748,644,392,104,5.1%,1.3%,7318,600,493,188,6.7%,2.4%,53100,215,5080,479,9.6%,0.9%,12129,688,1942,316,16%,2.4%,7286,578,868,169,11.9%,2.3%,33685,681,2270,278,6.7%,0.8%,"Pennsylvania
(40.789676, -77.858055)"
Tioga,41923,123,4761,316,11.4%,0.8%,8572,76,511,109,6%,1.3%,25659,106,4220,253,16.4%,1%,7692,110,30,22,0.4%,0.3%,4129,248,833,116,20.2%,2.8%,20745,105,2473,205,11.9%,1%,21178,114,2288,207,10.8%,1%,41337,167,4683,315,11.3%,0.8%,40860,122,4596,317,11.2%,0.8%,187,87,8,11,4.3%,6.2%,72,35,16,17,22.2%,24.6%,198,35,50,31,25.3%,16.7%,5,8,5,8,100%,100%,15,11,8,8,53.3%,46.8%,586,107,78,41,13.3%,6.6%,40464,125,4503,313,11.1%,0.8%,503,25,122,41,24.3%,8%,40789,338,4650,310,11.4%,0.7%,7726,492,1297,165,16.8%,1.8%,10929,625,1544,192,14.1%,1.7%,9110,536,776,120,8.5%,1.3%,6036,548,550,122,9.1%,1.8%,6988,567,483,122,6.9%,1.7%,40803,320,4637,308,11.4%,0.7%,9286,594,1772,197,19.1%,2.2%,5534,421,748,109,13.5%,1.9%,25983,713,2117,214,8.1%,0.8%,"Pennsylvania
(40.789676, -77.858055)"
Washington,206424,349,15404,892,7.5%,0.4%,41828,16,1054,238,2.5%,0.6%,127978,157,14221,825,11.1%,0.6%,36618,309,129,80,0.4%,0.2%,17891,404,2841,325,15.9%,1.9%,100831,156,8564,611,8.5%,0.6%,105593,294,6840,506,6.5%,0.5%,202876,485,15061,851,7.4%,0.4%,194268,408,13775,783,7.1%,0.4%,6424,370,889,215,13.8%,3.4%,82,56,0,24,0%,25.8%,1654,194,250,145,15.1%,8%,0,24,0,24,,,448,170,147,114,32.8%,20.1%,3548,379,343,137,9.7%,4%,192301,339,13390,763,7%,0.4%,2710,35,656,181,24.2%,6.7%,202851,609,15171,891,7.5%,0.4%,30230,1280,4211,429,13.9%,1.2%,40915,1860,4637,520,11.3%,1.2%,40215,1890,3023,393,7.5%,0.9%,31632,1797,1516,287,4.8%,0.9%,59859,1943,1784,289,3%,0.5%,203160,627,15314,889,7.5%,0.4%,33055,1349,5619,484,17%,1.3%,20352,1466,2525,397,12.4%,1.7%,149753,1972,7170,563,4.8%,0.4%,"Pennsylvania
(40.789676, -77.858055)"
Indiana,86771,375,10053,694,11.6%,0.8%,16340,43,2108,330,12.9%,2%,56555,357,7897,520,14%,0.9%,13876,132,48,32,0.3%,0.2%,13510,323,1968,289,14.6%,2.1%,43142,368,5472,422,12.7%,1%,43629,180,4581,368,10.5%,0.8%,85828,401,9917,709,11.6%,0.8%,82724,243,9541,691,11.5%,0.8%,1623,249,205,135,12.6%,8.3%,175,96,71,68,40.6%,22.7%,992,64,76,42,7.7%,4.4%,44,46,11,13,25%,11.7%,270,114,13,16,4.8%,7.4%,943,216,136,67,14.4%,6%,82254,180,9431,668,11.5%,0.8%,950,97,167,99,17.6%,9.8%,82733,590,9707,659,11.7%,0.8%,16919,1010,2966,450,17.5%,2.5%,21009,1371,3625,491,17.3%,1.8%,17841,1097,1867,334,10.5%,1.8%,11684,962,686,184,5.9%,1.4%,15280,1020,563,147,3.7%,1%,82857,571,9729,660,11.7%,0.8%,20752,1035,4540,536,21.9%,2.4%,9913,810,2100,309,21.2%,2.8%,52192,1182,3089,360,5.9%,0.7%,"Pennsylvania
(40.789676, -77.858055)"
Armstrong,67808,137,5748,459,8.5%,0.7%,13638,24,439,121,3.2%,0.9%,41293,86,5294,415,12.8%,1%,12877,121,15,13,0.1%,0.1%,4617,137,856,134,18.5%,2.9%,33629,105,2905,264,8.6%,0.8%,34179,142,2843,268,8.3%,0.8%,67293,172,5714,455,8.5%,0.7%,66379,197,5637,451,8.5%,0.7%,584,90,44,34,7.5%,5.7%,21,16,0,24,0%,56.8%,130,40,22,21,16.9%,12.1%,0,24,0,24,,,179,123,11,10,6.1%,7.2%,515,85,34,24,6.6%,4.2%,66180,155,5612,449,8.5%,0.7%,411,15,33,24,8%,5.9%,67481,181,5722,458,8.5%,0.7%,12568,621,1713,256,13.6%,1.9%,17458,921,1977,277,11.3%,1.3%,14565,963,997,168,6.8%,1%,10230,803,540,170,5.3%,1.6%,12660,884,495,143,3.9%,1.1%,67530,167,5747,459,8.5%,0.7%,14091,766,2318,313,16.5%,1.9%,8229,591,953,170,11.6%,1.9%,45210,902,2476,307,5.5%,0.7%,"Pennsylvania
(40.789676, -77.858055)"
Berks,408084,515,41038,1630,10.1%,0.4%,95806,102,5777,667,6%,0.7%,252313,345,34953,1361,13.9%,0.5%,59965,393,308,112,0.5%,0.2%,39977,593,7682,662,19.2%,1.6%,200358,354,23000,1175,11.5%,0.6%,207726,319,18038,841,8.7%,0.4%,393631,1238,39000,1641,9.9%,0.4%,342612,1606,29898,1385,8.7%,0.4%,19382,860,3118,420,16.1%,2.1%,1731,563,529,269,30.6%,13.1%,5608,253,578,176,10.3%,3.1%,188,167,0,24,0%,12.4%,24110,1499,4877,790,20.2%,2.9%,14453,1271,2038,391,14.1%,2.6%,308040,468,23374,1139,7.6%,0.4%,71802,152,14045,1095,19.6%,1.5%,399667,983,40361,1679,10.1%,0.4%,64977,2296,10124,922,15.6%,1.3%,82140,2851,11644,938,14.2%,1%,81259,3020,8857,889,10.9%,1%,62299,2463,4844,577,7.8%,0.8%,108992,2834,4892,698,4.5%,0.7%,399921,876,40556,1658,10.1%,0.4%,83391,2457,16323,1160,19.6%,1.3%,39996,2311,6634,835,16.6%,1.8%,276534,2898,17599,1209,6.4%,0.4%,"Pennsylvania
(40.789676, -77.858055)"
Bucks,620253,728,38933,1676,6.3%,0.3%,137943,157,3688,621,2.7%,0.4%,387288,552,34932,1463,9%,0.4%,95022,362,313,107,0.3%,0.1%,46586,675,6033,511,13%,1.1%,303596,655,21428,1022,7.1%,0.3%,316657,333,17505,916,5.5%,0.3%,609893,1148,38076,1671,6.2%,0.3%,554773,1109,31816,1463,5.7%,0.3%,22549,724,2588,437,11.5%,2%,798,268,107,70,13.4%,9.6%,25960,525,2232,472,8.6%,1.8%,46,52,0,24,0%,38.3%,5767,990,1333,530,23.1%,7%,10360,956,857,228,8.3%,2.1%,533639,696,28273,1324,5.3%,0.2%,28552,126,5033,710,17.6%,2.5%,616477,855,38852,1679,6.3%,0.3%,48581,2220,7059,814,14.5%,1.5%,89377,3096,10941,957,12.2%,0.9%,101596,3481,7172,775,7.1%,0.7%,91570,3047,5549,893,6.1%,0.9%,285353,4722,8131,794,2.8%,0.3%,617411,836,38841,1677,6.3%,0.3%,58845,2614,10358,922,17.6%,1.4%,44447,2075,6273,737,14.1%,1.4%,514119,3373,22210,1263,4.3%,0.2%,"Pennsylvania
(40.789676, -77.858055)"
Clinton,38984,279,4209,386,10.8%,1%,8066,79,958,185,11.9%,2.3%,24528,290,3237,291,13.2%,1.1%,6390,80,14,12,0.2%,0.2%,5748,200,888,205,15.4%,3.6%,18886,252,2282,229,12.1%,1.2%,20098,122,1927,221,9.6%,1.1%,38447,270,4168,374,10.8%,1%,37688,185,4091,370,10.9%,1%,492,128,18,13,3.7%,2.9%,24,27,0,22,0%,53.1%,177,55,52,44,29.4%,23.6%,10,11,0,22,0%,82.3%,56,37,7,9,12.5%,14%,537,125,41,63,7.6%,11.2%,37370,161,4041,368,10.8%,1%,448,30,55,42,12.3%,9.2%,37056,551,4180,390,11.3%,1%,8079,631,819,189,10.1%,2.4%,8683,598,1293,216,14.9%,2.2%,7915,685,684,178,8.6%,2%,6773,661,1028,316,15.2%,4.1%,5606,461,356,141,6.4%,2.4%,36975,556,4183,387,11.3%,1%,8676,644,1283,259,14.8%,2.8%,5142,539,954,209,18.6%,3.4%,23157,786,1946,316,8.4%,1.3%,"Pennsylvania
(40.789676, -77.858055)"
Lancaster,519889,856,68374,2551,13.2%,0.5%,128616,34,18927,1239,14.7%,1%,313151,637,47743,1800,15.2%,0.6%,78122,528,1704,288,2.2%,0.4%,49964,838,10780,682,21.6%,1.3%,254255,589,35705,1530,14%,0.6%,265634,490,32669,1336,12.3%,0.5%,509915,1317,67375,2518,13.2%,0.5%,462633,1614,59857,2356,12.9%,0.5%,20010,936,2347,387,11.7%,1.8%,916,248,210,129,22.9%,12%,10656,320,1425,314,13.4%,2.9%,29,27,18,21,62.1%,50.2%,15671,1473,3518,650,22.4%,3.7%,9974,1024,999,273,10%,2.5%,436606,616,55916,2301,12.8%,0.5%,48246,287,8478,828,17.6%,1.7%,512421,1113,67800,2546,13.2%,0.5%,65356,2489,12416,1044,19%,1.3%,112287,3816,19867,1484,17.7%,1%,112713,3750,14418,1381,12.8%,1.1%,84360,3094,7394,1064,8.8%,1.2%,137705,4046,13705,1568,10%,1%,512011,1115,67895,2544,13.3%,0.5%,87168,3566,21954,1546,25.2%,1.4%,60198,2732,12519,1373,20.8%,2.1%,364645,4278,33422,2361,9.2%,0.6%,"Pennsylvania
(40.789676, -77.858055)"
Susquehanna,42355,151,5076,361,12%,0.9%,8672,9,547,128,6.3%,1.5%,25834,68,4507,312,17.4%,1.2%,7849,128,22,14,0.3%,0.2%,2899,93,755,114,26%,3.7%,21358,76,2833,253,13.3%,1.2%,20997,136,2243,166,10.7%,0.8%,42033,170,5027,360,12%,0.9%,41537,146,4921,349,11.8%,0.8%,191,50,16,16,8.4%,8.1%,108,38,39,26,36.1%,23.4%,100,26,10,13,10%,13.1%,0,22,0,22,,,97,57,41,40,42.3%,25.5%,322,70,49,22,15.2%,7%,41015,134,4790,345,11.7%,0.8%,657,21,172,49,26.2%,7.5%,42325,147,5076,361,12%,0.9%,7000,460,1188,154,17%,1.9%,10529,521,1752,210,16.6%,1.8%,9936,522,1099,155,11.1%,1.5%,6356,515,498,126,7.8%,1.9%,8504,476,539,168,6.3%,2%,42207,151,5062,358,12%,0.8%,8878,559,1832,202,20.6%,2%,5538,422,967,152,17.5%,2.6%,27791,547,2263,271,8.1%,1%,"Pennsylvania
(40.789676, -77.858055)"
Lebanon,133422,310,15062,1268,11.3%,1%,30976,50,3118,518,10.1%,1.7%,79817,193,11788,898,14.8%,1.1%,22629,278,156,74,0.7%,0.3%,11211,281,2707,319,24.1%,2.7%,65228,229,8418,746,12.9%,1.1%,68194,298,6644,636,9.7%,0.9%,130241,620,14781,1249,11.3%,1%,118084,804,12593,1134,10.7%,1%,2495,272,536,134,21.5%,5.4%,168,86,54,50,32.1%,30.1%,1429,175,152,82,10.6%,5.7%,0,24,0,24,,,8065,787,1446,430,17.9%,4.8%,3181,507,281,114,8.8%,3.1%,113826,377,11995,1140,10.5%,1%,14032,54,2262,410,16.1%,2.9%,131651,402,14939,1259,11.3%,1%,17155,1149,2371,486,13.8%,2.8%,29227,1448,4547,675,15.6%,2%,31341,1767,3174,537,10.1%,1.5%,22476,1531,2350,575,10.5%,2.3%,31452,1700,2497,569,7.9%,1.8%,131698,425,14962,1266,11.4%,1%,22596,1484,4429,796,19.6%,3%,15115,1275,2590,525,17.1%,3.1%,93987,1734,7943,960,8.5%,1%,"Pennsylvania
(40.789676, -77.858055)"
Montgomery,796362,1024,50042,1625,6.3%,0.2%,180919,132,5840,514,3.2%,0.3%,494463,659,43658,1444,8.8%,0.3%,120980,733,544,148,0.4%,0.1%,61626,818,7977,573,12.9%,0.9%,385029,759,27486,1103,7.1%,0.3%,411333,686,22556,969,5.5%,0.2%,779774,1497,48525,1597,6.2%,0.2%,650659,1327,34176,1524,5.3%,0.2%,67065,1008,6735,728,10%,1.1%,758,181,108,57,14.2%,8.1%,54782,689,6340,661,11.6%,1.2%,113,65,10,20,8.8%,14.9%,6397,928,1156,409,18.1%,4.8%,16588,1086,1517,336,9.1%,2%,623178,824,26739,1325,4.3%,0.2%,35902,174,8999,890,25.1%,2.5%,788336,1265,49816,1632,6.3%,0.2%,65374,2259,9656,827,14.8%,1.2%,108356,3095,14006,1205,12.9%,1%,120793,3955,10353,967,8.6%,0.7%,114436,3263,6153,798,5.4%,0.7%,379377,4654,9648,884,2.5%,0.2%,789268,1296,49850,1625,6.3%,0.2%,78971,2583,15144,962,19.2%,1%,53826,2848,8180,928,15.2%,1.4%,656471,3262,26526,1317,4%,0.2%,"Pennsylvania
(40.789676, -77.858055)"
Centre,153263,405,10654,731,7%,0.5%,24424,28,1353,329,5.5%,1.3%,111027,351,9234,620,8.3%,0.6%,17812,189,67,47,0.4%,0.3%,37549,709,2928,463,7.8%,1.2%,79007,376,5908,527,7.5%,0.7%,74256,197,4746,456,6.4%,0.6%,150910,629,10350,724,6.9%,0.5%,137104,447,9168,687,6.7%,0.5%,4432,429,384,155,8.7%,3.6%,276,65,84,49,30.4%,16.7%,8523,434,636,246,7.5%,2.8%,38,53,0,24,0%,42.2%,537,199,78,58,14.5%,10.2%,2353,506,304,161,12.9%,5.8%,134488,289,8938,669,6.6%,0.5%,3895,76,392,151,10.1%,3.8%,139428,1176,10307,752,7.4%,0.5%,27440,1692,3035,452,11.1%,1.5%,31807,1881,3916,520,12.3%,1.6%,24642,1478,1551,315,6.3%,1.3%,19954,1820,868,292,4.4%,1.4%,35585,1499,937,187,2.6%,0.5%,139356,1184,10265,747,7.4%,0.5%,36158,1647,4436,680,12.3%,1.8%,13006,1204,1999,395,15.4%,2.8%,90192,1627,3830,433,4.2%,0.5%,"Pennsylvania
(40.789676, -77.858055)"
Union,39458,442,4549,514,11.5%,1.3%,8125,77,1015,223,12.5%,2.8%,24893,387,3407,363,13.7%,1.4%,6440,161,127,83,2%,1.3%,5252,278,685,194,13%,3.5%,19465,372,2581,348,13.3%,1.8%,19993,306,1968,260,9.8%,1.3%,38983,422,4527,520,11.6%,1.3%,37540,325,4399,499,11.7%,1.3%,834,270,105,105,12.6%,11.5%,23,26,0,22,0%,54.2%,494,109,5,8,1%,1.6%,0,22,0,22,,,92,72,18,30,19.6%,21.1%,475,161,22,29,4.6%,5.9%,36649,241,4220,470,11.5%,1.3%,1015,209,179,142,17.6%,13.9%,35581,717,4499,514,12.6%,1.4%,5586,575,858,207,15.4%,3.5%,9789,926,1584,344,16.2%,3.2%,8021,830,833,243,10.4%,2.7%,4489,654,510,254,11.4%,5.2%,7696,813,714,214,9.3%,2.6%,35709,709,4508,514,12.6%,1.4%,6959,769,1514,298,21.8%,4.4%,4680,724,962,325,20.6%,6%,24070,1081,2032,324,8.4%,1.3%,"Pennsylvania
(40.789676, -77.858055)"
Crawford,86102,380,11515,717,13.4%,0.8%,19067,95,2380,307,12.5%,1.6%,52199,305,8983,526,17.2%,1%,14836,158,152,47,1%,0.3%,7759,204,1817,222,23.4%,2.9%,42550,153,5898,395,13.9%,0.9%,43552,355,5617,449,12.9%,1%,84830,383,11371,709,13.4%,0.8%,83003,285,11068,694,13.3%,0.8%,1289,177,219,112,17%,9%,51,30,17,15,33.3%,21.4%,360,102,60,45,16.7%,11.8%,8,11,0,24,0%,92%,119,42,7,8,5.9%,6.7%,1272,192,144,73,11.3%,6.1%,82490,240,10957,687,13.3%,0.8%,856,87,153,80,17.9%,8.9%,84187,465,11431,717,13.6%,0.9%,16918,883,2863,406,16.9%,1.9%,22652,917,3544,351,15.6%,1.4%,18448,1138,2625,424,14.2%,1.9%,13437,1168,1369,397,10.2%,2.8%,12732,885,1030,296,8.1%,2.2%,83974,454,11441,717,13.6%,0.9%,20479,989,4701,446,23%,1.9%,11744,823,2618,487,22.3%,3.3%,51751,1206,4122,440,8%,0.8%,"Pennsylvania
(40.789676, -77.858055)"
Northumberland,89961,461,9725,669,10.8%,0.8%,18596,124,1417,244,7.6%,1.3%,54476,316,8211,602,15.1%,1.1%,16889,226,97,63,0.6%,0.4%,6835,269,1810,259,26.5%,3.5%,43905,321,4981,400,11.3%,0.9%,46056,235,4744,388,10.3%,0.8%,89189,423,9679,655,10.9%,0.8%,87618,423,9378,648,10.7%,0.7%,670,243,108,96,16.1%,11.1%,164,50,77,42,47%,23.2%,268,91,53,47,19.8%,15.3%,60,82,29,35,48.3%,20.3%,409,173,34,51,8.3%,11.7%,772,202,46,56,6%,7.5%,86274,311,9086,642,10.5%,0.8%,2059,138,447,132,21.7%,6.1%,89595,470,9697,668,10.8%,0.8%,18086,911,3351,396,18.5%,2.1%,25209,1168,3264,437,12.9%,1.6%,19173,1133,1512,315,7.9%,1.5%,13446,1056,886,276,6.6%,2%,13681,1086,684,223,5%,1.6%,89494,482,9673,655,10.8%,0.7%,20784,1036,4569,430,22%,2%,12734,970,1750,322,13.7%,2.4%,55976,1153,3354,440,6%,0.8%,"Pennsylvania
(40.789676, -77.858055)"
Greene,34788,411,3098,352,8.9%,1%,7312,40,344,115,4.7%,1.6%,21574,363,2749,306,12.7%,1.4%,5902,171,5,7,0.1%,0.1%,3255,192,428,110,13.1%,3.2%,16653,357,1657,226,10%,1.3%,18135,127,1441,190,7.9%,1%,34494,446,3087,350,8.9%,1%,34043,467,3074,353,9%,1%,337,199,7,13,2.1%,4%,28,34,0,22,0%,49.2%,60,51,4,5,6.7%,12.8%,0,22,0,22,,,26,27,2,4,7.7%,13.8%,294,135,11,14,3.7%,4.5%,33940,451,3060,351,9%,1%,138,110,16,22,11.6%,12.4%,33834,479,3094,354,9.1%,1%,6518,583,732,172,11.2%,2.3%,8467,665,1145,210,13.5%,2.2%,6644,798,661,248,9.9%,3.2%,4837,500,261,93,5.4%,1.8%,7368,587,295,119,4%,1.6%,33828,483,3088,354,9.1%,1%,7335,634,1065,214,14.5%,2.5%,4169,523,707,190,17%,4.4%,22324,739,1316,277,5.9%,1.2%,"Pennsylvania
(40.789676, -77.858055)"
Northampton,295996,601,24831,1556,8.4%,0.5%,63309,57,2318,474,3.7%,0.7%,185450,359,22321,1319,12%,0.7%,47237,454,192,97,0.4%,0.2%,28307,524,4334,503,15.3%,1.8%,144970,374,13683,935,9.4%,0.6%,151026,394,11148,949,7.4%,0.6%,287574,1078,23477,1488,8.2%,0.5%,255901,1248,19143,1391,7.5%,0.5%,15060,714,1912,377,12.7%,2.4%,904,389,199,166,22%,12.8%,8021,297,964,310,12%,3.8%,50,46,0,24,0%,36.7%,7638,1062,1259,348,16.5%,3.8%,8422,915,1354,318,16.1%,3.4%,235402,553,15802,1088,6.7%,0.5%,33541,91,5836,782,17.4%,2.3%,288172,926,24483,1530,8.5%,0.5%,35480,1513,5559,693,15.7%,1.8%,54724,2178,7317,755,13.4%,1.2%,57154,2111,5485,629,9.6%,1%,45373,1977,2743,527,6%,1.1%,95441,2402,3379,528,3.5%,0.6%,288310,886,24551,1535,8.5%,0.5%,42970,1869,8346,865,19.4%,1.8%,31031,1827,4878,718,15.7%,2.1%,214309,2328,11327,1006,5.3%,0.5%,"Pennsylvania
(40.789676, -77.858055)"
Elk,31259,165,2105,383,6.7%,1.2%,6333,72,61,42,1%,0.7%,18904,99,2029,370,10.7%,1.9%,6022,123,15,18,0.2%,0.3%,2057,128,363,103,17.6%,4.8%,15571,126,1224,249,7.9%,1.6%,15688,135,881,193,5.6%,1.2%,31166,202,2083,381,6.7%,1.2%,30756,177,2009,341,6.5%,1.1%,159,91,74,79,46.5%,36.5%,67,65,0,22,0%,30.2%,118,30,0,22,0%,19%,0,22,0,22,,,66,75,0,22,0%,30.5%,93,68,22,24,23.7%,21.9%,30588,172,2000,342,6.5%,1.1%,211,2,9,10,4.3%,4.7%,31184,182,2105,383,6.8%,1.2%,5121,525,488,194,9.5%,3.3%,8138,809,792,254,9.7%,2.7%,8220,852,586,196,7.1%,2.3%,4999,606,137,63,2.7%,1.2%,4706,633,102,64,2.2%,1.4%,31131,182,2101,383,6.7%,1.2%,5166,542,622,201,12%,3.5%,4292,601,296,94,6.9%,2.1%,21673,717,1183,263,5.5%,1.2%,"Pennsylvania
(40.789676, -77.858055)"
Lehigh,349844,525,37597,1816,10.7%,0.5%,81800,50,4133,622,5.1%,0.8%,216525,240,33223,1502,15.3%,0.7%,51519,438,241,122,0.5%,0.2%,30989,507,6820,639,22%,2%,170050,320,20794,1171,12.2%,0.7%,179794,352,16803,1020,9.3%,0.6%,339608,1170,36330,1804,10.7%,0.5%,279501,2124,24774,1454,8.9%,0.5%,22434,1325,3616,478,16.1%,2%,787,194,137,75,17.4%,9.3%,10926,322,1113,280,10.2%,2.5%,9,14,0,24,0%,86.7%,25951,2099,6690,1097,25.8%,3.4%,10236,990,1267,346,12.4%,3.2%,243080,612,18369,1220,7.6%,0.5%,71234,143,14525,1207,20.4%,1.7%,345288,779,37393,1816,10.8%,0.5%,56235,2638,9605,1038,17.1%,1.5%,72240,2984,12739,1306,17.6%,1.5%,68335,2930,7103,1014,10.4%,1.4%,53500,2857,4321,824,8.1%,1.4%,94978,2651,3625,514,3.8%,0.5%,345185,788,37443,1807,10.8%,0.5%,69794,3100,14923,1345,21.4%,1.5%,36811,2418,6499,912,17.7%,1.9%,238580,2892,16021,1123,6.7%,0.5%,"Pennsylvania
(40.789676, -77.858055)"
Lawrence,88781,257,8013,636,9%,0.7%,18664,66,856,208,4.6%,1.1%,53464,145,7058,532,13.2%,1%,16653,223,99,59,0.6%,0.4%,6994,241,1323,185,18.9%,2.6%,42954,162,4094,418,9.5%,1%,45827,238,3919,336,8.6%,0.7%,87295,419,7890,638,9%,0.7%,82997,284,7419,617,8.9%,0.7%,3495,280,399,162,11.4%,4.7%,62,80,0,24,0%,31.9%,302,78,1,5,0.3%,1.5%,8,10,0,24,0%,92%,431,157,71,45,16.5%,10.5%,1486,276,123,64,8.3%,3.9%,82361,256,7331,620,8.9%,0.8%,965,37,161,51,16.7%,5.2%,87422,350,7960,630,9.1%,0.7%,18729,977,2671,368,14.3%,1.8%,21418,996,2732,380,12.8%,1.6%,18503,1127,1494,312,8.1%,1.6%,12169,1019,502,156,4.1%,1.2%,16603,1053,561,174,3.4%,1%,87449,360,7974,634,9.1%,0.7%,19381,1038,3362,383,17.3%,1.9%,11107,980,1408,320,12.7%,2.6%,56961,1137,3204,403,5.6%,0.7%,"Pennsylvania
(40.789676, -77.858055)"
Blair,124952,259,11684,754,9.4%,0.6%,26357,7,1194,272,4.5%,1%,76686,134,10428,652,13.6%,0.9%,21909,236,62,41,0.3%,0.2%,11559,305,2334,330,20.2%,2.9%,60867,238,6604,533,10.8%,0.9%,64085,293,5080,428,7.9%,0.7%,123349,306,11511,735,9.3%,0.6%,120190,270,10733,683,8.9%,0.6%,1955,212,423,133,21.6%,6.8%,67,48,4,7,6%,7.3%,1005,72,287,134,28.6%,12.8%,0,24,0,24,,,132,77,64,50,48.5%,23.2%,1603,221,173,87,10.8%,5.4%,119081,259,10525,650,8.8%,0.5%,1326,20,280,145,21.1%,10.9%,123358,439,11543,739,9.4%,0.6%,23774,1224,2983,368,12.5%,1.4%,32900,1564,4045,532,12.3%,1.4%,26482,1469,2537,479,9.6%,1.7%,18455,1337,1061,286,5.7%,1.4%,21747,1348,917,235,4.2%,1%,123524,412,11605,745,9.4%,0.6%,27136,1192,4171,477,15.4%,1.6%,18110,1386,2941,481,16.2%,2.4%,78278,1329,4493,525,5.7%,0.6%,"Pennsylvania
(40.789676, -77.858055)"
Lycoming,113719,365,11211,841,9.9%,0.7%,24080,28,1489,341,6.2%,1.4%,70931,313,9657,657,13.6%,0.9%,18708,261,65,48,0.3%,0.3%,11618,302,2132,329,18.4%,2.8%,56594,162,6246,573,11%,1%,57125,363,4965,469,8.7%,0.8%,111706,501,10991,836,9.8%,0.7%,105283,373,10114,793,9.6%,0.7%,4975,339,742,270,14.9%,5.4%,139,71,5,9,3.6%,7.6%,687,113,55,52,8%,7.9%,32,34,0,24,0%,46%,590,241,75,75,12.7%,11.9%,2013,377,220,91,10.9%,4.1%,104332,327,9929,768,9.5%,0.7%,1748,72,259,107,14.8%,6%,111118,506,11045,829,9.9%,0.7%,20248,1170,2746,396,13.6%,1.9%,29230,1420,4198,539,14.4%,1.6%,25706,1557,2498,419,9.7%,1.5%,16233,1021,861,219,5.3%,1.3%,19701,1174,742,255,3.8%,1.2%,111105,514,11051,824,9.9%,0.7%,24037,1239,4656,679,19.4%,2.5%,14840,1154,1836,324,12.4%,1.8%,72228,1668,4559,491,6.3%,0.7%,"Pennsylvania
(40.789676, -77.858055)"
Juniata,24502,130,3706,401,15.1%,1.6%,5720,21,1100,226,19.2%,3.9%,14368,49,2555,241,17.8%,1.7%,4414,127,51,37,1.2%,0.8%,1851,87,517,103,27.9%,5.6%,12211,64,1994,265,16.3%,2.2%,12291,117,1712,209,13.9%,1.7%,24318,150,3661,397,15.1%,1.6%,23778,185,3580,392,15.1%,1.6%,155,45,7,8,4.5%,5.1%,44,40,0,19,0%,39.2%,101,23,33,30,32.7%,28.9%,0,19,0,19,,,240,104,41,28,17.1%,12.6%,184,59,45,30,24.5%,15.2%,23401,143,3476,386,14.9%,1.7%,689,6,154,53,22.4%,7.7%,24461,132,3693,403,15.1%,1.6%,4026,398,795,148,19.7%,3.1%,6626,439,1179,277,17.8%,3.7%,5822,466,763,178,13.1%,2.9%,3842,456,326,119,8.5%,2.9%,4145,526,630,249,15.2%,5.3%,24437,136,3695,402,15.1%,1.6%,5445,552,1445,285,26.5%,4.3%,3520,410,807,244,22.9%,5.9%,15472,490,1443,277,9.3%,1.7%,"Pennsylvania
(40.789676, -77.858055)"
Bradford,61883,151,7214,525,11.7%,0.8%,13965,4,1306,202,9.4%,1.4%,36755,126,5871,413,16%,1.1%,11163,133,37,32,0.3%,0.3%,4703,172,1226,187,26.1%,4%,30600,119,3922,359,12.8%,1.2%,31283,126,3292,298,10.5%,1%,61209,181,7128,522,11.6%,0.9%,60383,160,7069,520,11.7%,0.9%,250,88,18,15,7.2%,6.7%,61,29,2,3,3.3%,5.6%,388,44,31,23,8%,5.9%,6,9,0,24,0%,100%,121,67,8,12,6.6%,11.1%,674,86,86,54,12.8%,7.6%,59689,143,6832,488,11.4%,0.8%,834,8,261,114,31.3%,13.6%,61702,215,7206,525,11.7%,0.9%,10135,746,1713,229,16.9%,1.9%,16322,963,2324,311,14.2%,1.5%,13369,820,1533,263,11.5%,1.8%,9301,809,590,148,6.3%,1.5%,12575,836,1046,229,8.3%,1.7%,61477,184,7164,519,11.7%,0.8%,13273,798,2729,335,20.6%,2.1%,8808,723,1345,241,15.3%,2.3%,39396,870,3090,373,7.8%,0.9%,"Pennsylvania
(40.789676, -77.858055)"
Sullivan,6224,118,597,98,9.6%,1.6%,892,47,25,14,2.8%,1.6%,3775,89,572,95,15.2%,2.4%,1557,63,0,15,0%,1.6%,537,107,113,64,21%,9.2%,3189,86,365,74,11.4%,2.3%,3035,79,232,44,7.6%,1.5%,6161,129,597,98,9.7%,1.6%,5895,124,541,79,9.2%,1.3%,165,101,53,50,32.1%,23.9%,20,23,0,15,0%,58.2%,36,22,0,15,0%,43.3%,33,45,0,15,0%,45.3%,12,12,3,4,25%,23.5%,63,49,0,15,0%,31.6%,5834,119,532,76,9.1%,1.3%,78,36,9,17,11.5%,21.4%,5956,150,527,77,8.8%,1.3%,967,116,109,38,11.3%,3.4%,1886,191,208,51,11%,2.5%,1269,177,75,27,5.9%,2%,877,178,80,32,9.1%,3.3%,957,160,55,34,5.7%,3.4%,6220,118,597,98,9.6%,1.6%,1405,170,213,66,15.2%,4.1%,911,149,112,33,12.3%,3.6%,3904,182,272,60,7%,1.5%,"Pennsylvania
(40.789676, -77.858055)"
Montour,17899,165,1363,273,7.6%,1.5%,3732,101,139,48,3.7%,1.3%,10960,120,1196,266,10.9%,2.4%,3207,132,28,23,0.9%,0.7%,1281,90,149,81,11.6%,6.4%,8719,102,820,187,9.4%,2.2%,9180,162,543,137,5.9%,1.5%,17753,181,1363,273,7.7%,1.5%,17051,175,1335,271,7.8%,1.6%,178,57,17,26,9.6%,12.9%,11,13,1,3,9.1%,23.5%,477,31,10,13,2.1%,2.6%,0,16,0,16,,,36,38,0,16,0%,43.3%,146,107,0,16,0%,15.7%,16791,131,1219,215,7.3%,1.3%,355,34,116,129,32.7%,36.3%,17757,164,1361,273,7.7%,1.5%,2634,313,471,178,17.9%,6.3%,3864,447,510,207,13.2%,4.7%,3624,471,232,78,6.4%,2%,2567,413,59,38,2.3%,1.5%,5068,447,89,29,1.8%,0.6%,17764,218,1363,273,7.7%,1.5%,2761,385,629,243,22.8%,7.6%,1699,276,211,68,12.4%,4.1%,13304,454,523,120,3.9%,0.9%,"Pennsylvania
(40.789676, -77.858055)"
Franklin,149996,284,18890,1462,12.6%,1%,35208,104,3601,664,10.2%,1.9%,89129,241,15047,1016,16.9%,1.1%,25659,261,242,142,0.9%,0.6%,11657,338,2614,342,22.4%,2.9%,73351,258,9924,849,13.5%,1.2%,76645,195,8966,785,11.7%,1%,148143,450,18795,1474,12.7%,1%,139885,555,17147,1386,12.3%,1%,5354,354,818,286,15.3%,5.4%,373,107,93,91,24.9%,20.1%,1365,201,209,166,15.3%,11.4%,17,32,0,24,0%,63.1%,1149,450,528,292,46%,14.9%,1853,386,95,56,5.1%,2.8%,134430,264,15169,1281,11.3%,1%,7024,45,2533,473,36.1%,6.7%,148948,341,18749,1457,12.6%,1%,21167,1351,4082,615,19.3%,2.3%,36337,1937,7330,894,20.2%,2%,31992,1633,3504,588,11%,1.8%,24643,1992,1733,596,7%,2.3%,34809,2095,2100,473,6%,1.3%,148764,486,18817,1450,12.6%,1%,26109,1650,6477,831,24.8%,2.7%,19094,1429,4672,867,24.5%,3.7%,103561,2025,7668,826,7.4%,0.8%,"Pennsylvania
(40.789676, -77.858055)"
